Date,Weekly,Monthly,Quarterly,NIFTYBEES.NS,SENSEXBEES.BO
2025-01-01,1.0,1.0,1.0,1.0,1.0
2025-01-02,1.0,1.0,1.0,1.016190437779427,1.0184619187647386
2025-01-03,1.0,1.0,1.0,1.0106178973722755,1.014715204161091
2025-01-06,0.9999899083399749,0.9999899083399749,0.9999899083399749,0.9958206808732722,0.9975437121885363
2025-01-07,1.0,1.0,1.0,0.9983809906935116,1.0006225525122803
2025-01-08,1.0,1.0,1.0,0.997477378969862,1.0004188118221555
2025-01-09,0.9999899083399749,0.9999899083399749,0.9999899083399749,0.9908128977934018,0.9931631146307025
2025-01-10,1.0,1.0,1.0,0.9873112874594113,0.9896767238386487
2025-01-13,1.0,1.0,1.0,0.9729281880321315,0.9841188657315689
2025-01-14,0.9999899083399749,0.9999899083399749,0.9999899083399749,0.9761663215499561,0.9802363240011714
2025-01-15,1.0,1.0,1.0,0.9773710988798731,0.9820927201841667
2025-01-16,0.9999899083399749,0.9999899083399749,0.9999899083399749,0.9816634843769049,0.9853867007280016
2025-01-17,1.0,1.0,1.0,0.9780864964627117,0.9810852780873882
2025-01-20,0.9989497851729261,1.0,1.0,0.9838096771254208,0.9864733177420004
2025-01-21,1.00435033408643,1.0,1.0,0.9710832757947307,0.971282718637285
2025-01-22,1.0144014256185578,0.9999899083399749,0.9999899083399749,0.9746225749188226,0.977825288869271
2025-01-23,1.0115511041218872,0.9999899083399749,0.9999899083399749,0.9771076220637072,0.9796590241684544
2025-01-24,1.0166515589555536,1.0,1.0,0.972137527773938,0.9754142537373705
2025-01-27,1.0042857717211453,0.9999899083399749,0.9999899083399749,0.9627245226364274,0.9651023080179251
2025-01-28,0.9989022296603742,1.0,1.0,0.9688993942561135,0.9782328393375809
2025-01-29,1.0092919841716796,1.0,1.0,0.9766181274117809,0.978923305413236
2025-01-30,1.0138150165393456,1.0,1.0,0.9797808833494028,0.9826360286911661
2025-01-31,1.0164651774902111,1.00496686277285,1.00496686277285,0.9902481404661208,0.988114642792965
2025-02-01,1.0145522441841903,1.0030755686824886,1.0049567711128249,0.9869724330630426,0.9834510605397256
2025-02-03,1.0247051601581645,1.0131136342653693,1.0049567711128249,0.9844873859181581,0.9839491163671619
2025-02-04,1.031179496403753,1.01951473243317,1.0049567711128249,0.9979667587169403,1.001528089719966
2025-02-05,1.0531038001517543,1.0411910271494442,1.00496686277285,0.9987198450898803,0.9995471968521269
2025-02-06,1.0510438044847659,1.0391543342763143,1.00496686277285,0.9954064488967009,0.9973852241779747
2025-02-07,1.052662388546163,1.0407546088182646,1.00496686277285,0.9930720420073739,0.9962872076340096
2025-02-10,1.0632489763521928,1.0407546088182646,1.00496686277285,0.9861063952246465,0.9883749666045588
2025-02-11,1.0491335035081915,1.0407441577854288,1.0049567711128249,0.9734929453594126,0.9759010482109612
2025-02-12,1.0590143681529343,1.0407441577854288,1.0049567711128249,0.9724386933802053,0.9757198993165879
2025-02-13,1.0512508749157046,1.0407546088182646,1.00496686277285,0.9720622650985832,0.974757778987433
2025-02-14,1.0493099847794263,1.0407546088182646,1.00496686277285,0.9674687139952841,0.9729127132463437
2025-02-17,1.0638712606407634,1.0566893838379339,1.00496686277285,0.9680710452078186,0.9722109167287826
2025-02-18,1.065107417777004,1.0598470269143705,1.00496686277285,0.9670544820187127,0.9705809221197239
2025-02-19,1.1190867100926467,1.1019236489542772,1.00496686277285,0.9672428110643716,0.9702639460986007
2025-02-20,1.0628538618941648,1.0539724281118261,1.0049567711128249,0.967092170808814,0.9706148443573812
2025-02-21,1.0624803811430035,1.05235691063991,1.00496686277285,0.9621220765190449,0.9638572029933645
2025-02-24,1.0505623866004896,1.0405524725153297,1.0049567711128249,0.9521066252641519,0.954756370972762
2025-02-25,1.0281413831373676,1.0183450996954055,1.0049567711128249,0.951654819402327,0.9563637737860692
2025-02-27,1.0139694008185933,1.0043081501240785,1.00496686277285,0.9509394218194884,0.9555940637051332
2025-02-28,0.9793160460064676,0.9699849776113156,1.0086515801395122,0.935464439075324,0.9412976713661977
2025-03-03,1.0024140049847827,0.9928628558139772,1.0086414254066118,0.9339583812342918,0.9360907115178986
2025-03-04,1.0210039070412231,1.0112756305290906,1.0086414254066118,0.9318498772758772,0.9354229063260552
2025-03-05,1.0294622756011822,1.0196534065001035,1.0086414254066118,0.9431077946507886,0.9446481659434414
2025-03-06,1.0140791429958536,1.0044168466616128,1.0086515801395122,0.951654819402327,0.9516662002071122
2025-03-07,1.0359455237995232,1.0260748813489644,1.0086515801395122,0.9519936737986957,0.9527642167510773
2025-03-10,1.0130102434837656,1.003358131782459,1.0086515801395122,0.9478896173473228,0.9477157449133398
2025-03-11,1.019307552949227,1.0095954395502384,1.0086414254066118,0.949132140919765,0.9487571092477755
2025-03-12,1.015496659903378,1.005820857258004,1.0086515801395122,0.9478519860096454,0.9486891956844005
2025-03-13,0.9752959541574164,0.9660031897930742,1.0086515801395122,0.945291618736982,0.9465385534521542
2025-03-17,1.0121272117897087,1.0024835137452253,1.0086414254066118,0.9495086266538111,0.9487005261263064
2025-03-18,1.0121272117897087,1.0024835137452253,1.0086414254066118,0.9495086266538111,0.9667662939527013
2025-03-19,1.0101520205132422,1.0005271423839122,1.0086515801395122,0.966527413481533,0.9662569076833591
2025-03-20,0.9904235096485963,0.9809866076940295,1.0086515801395122,0.9763922244808685,0.9781535953323001
2025-03-21,0.9658151353111651,0.9566127055935972,1.0086515801395122,0.9830565907524809,0.9837453756770371
2025-03-24,0.9534078132154807,0.9566127055935972,1.0086515801395122,0.9974020013896592,0.9974418072994438
2025-03-25,0.9564117446889914,0.9566127055935972,1.0086515801395122,0.9967619813870233,0.9961513805072597
2025-03-26,0.9566729084662187,0.9566030747689344,1.0086414254066118,0.9898715972796507,0.9890201800006508
2025-03-27,0.9638561578749618,0.9566030747689344,1.0086414254066118,0.992996779332019,0.9947591179140436
2025-03-28,0.9685579030074484,0.9566127055935973,1.0086515801395122,0.9910388007243142,0.9919858540814567
2025-04-01,0.9598250310018324,0.9605314941308131,1.0127835472639113,0.9774464764600758,0.9746219518606831
2025-04-02,0.9611150911364195,0.9605314941308131,1.0127835472639113,0.9851275208256419,0.9793987003568606
2025-04-03,0.9257865683498391,0.9605411847742626,1.0127937650696865,0.9806844950730524,0.9777800361897078
2025-04-04,0.8903587868722297,0.9605411847742626,1.0127937650696865,0.9682593742534775,0.9667097108312324
2025-04-07,0.8765861146507843,0.960531494130813,1.012783547263911,0.937911854882531,0.9363397739756468
2025-04-08,0.8748051414488228,0.960531494130813,1.012783547263911,0.9515418679368708,0.9512360579430509
2025-04-09,0.889171501598942,0.9605411847742625,1.0127937650696863,0.9451786672715258,0.9458140960507814
2025-04-11,0.9249093590044798,0.9605411847742625,1.0127937650696863,0.9637787746156347,0.9624309490744307
2025-04-15,0.9220598562317773,0.9605411847742625,1.0127937650696863,0.982228241704186,0.9813343405451366
2025-04-16,0.9407005158329803,0.9605411847742625,1.0127937650696863,0.9861440840147478,0.9827379335802586
2025-04-17,0.9442623716528435,0.9605411847742625,1.0127937650696863,1.0035769879141931,1.0047994093799892
2025-04-21,0.9625468547304662,0.9605411847742625,1.0127937650696863,1.0154750401965884,1.0156660631364003
2025-04-22,0.9842745285094652,0.9605411847742625,1.0127937650696863,1.0167927689919616,1.0168545850394917
2025-04-23,0.9544731880544258,0.9605314941308128,1.0127835472639108,1.0234572501684218,1.0224576958261347
2025-04-24,0.9558979847328071,0.9605411847742624,1.012793765069686,1.0201815427653438,1.0156207413687768
2025-04-25,0.9501988886033421,0.9605411847742624,1.012793765069686,1.0114462464205705,1.0126211450503138
2025-04-28,0.9385633661074386,0.9605314941308127,1.0127835472639106,1.023758415774689,1.024495171815443
2025-04-29,0.9503176443058889,0.9605314941308127,1.0127835472639106,1.0237961045647903,1.0228990994440414
2025-04-30,0.9390382077495057,0.9639522314497466,1.016390369629754,1.0240972701710578,1.0260572528611265
2025-05-02,0.930608364549885,0.9639424809875103,1.0163800887511034,1.0232689211227628,1.0276080034649044
2025-05-05,0.930608364549885,0.9639424809875103,1.0163800887511034,1.0331338470269462,1.0317848603326134
2025-05-06,0.9306177778311694,0.9639522314497467,1.016390369629754,1.0263941031751311,1.0294077474383703
2025-05-07,0.9306083645498852,0.9639424809875105,1.0163800887511034,1.0271095007579698,1.0297020625756816
2025-05-08,0.9306177778311695,0.9639522314497468,1.016390369629754,1.0205203971617123,1.0263289071146262
2025-05-09,0.9306177778311695,0.9639522314497468,1.016390369629754,1.0109190629785427,1.016062214074744
2025-05-12,0.9306083645498853,0.9639424809875106,1.0163800887511034,1.0502654704152765,1.0529068075989405
2025-05-13,0.9306083645498853,0.9639424809875106,1.0163800887511034,1.037877923480955,1.0396178573567834
2025-05-14,0.9306083645498853,0.9639424809875106,1.0163800887511034,1.041341959929692,1.0415421671031535
2025-05-15,0.9306177778311696,0.963952231449747,1.016390369629754,1.054896710308677,1.0530087124880332
2025-05-16,0.9306177778311696,0.963952231449747,1.016390369629754,1.0550472356593867,1.054740542898124
2025-05-19,0.9292217937497476,0.963952231449747,1.016390369629754,1.0512820336043824,1.0523521686500352
2025-05-20,0.917729050140033,0.9639424809875107,1.0163800887511034,1.042546852164457,1.0403196538743444
2025-05-21,0.923378079548865,0.9639522314497471,1.016390369629754,1.0450317844044936,1.043477738203369
2025-05-22,0.9170148095975935,0.9639522314497471,1.016390369629754,1.0388569127848075,1.0437947142244923
2025-05-23,0.9220144933946696,0.9639424809875108,1.0163800887511034,1.0481192776667605,1.0445530938635226
2025-05-26,0.9220238197473064,0.9639522314497472,1.016390369629754,1.0538424583294697,1.0528162331517539
2025-05-27,0.9220144933946697,0.9639424809875109,1.0163800887511034,1.0476674718049357,1.044021115798429
2025-05-28,0.9220144933946697,0.9639424809875109,1.0163800887511034,1.0455589678465211,1.043375902402337
2025-05-29,0.9220238197473065,0.9639522314497473,1.016390369629754,1.0487594125742443,1.0459114342190814
2025-05-30,0.9253421131287028,0.9674214219859295,1.0200482810244744,1.0466132198257283,1.042979682375933
2025-06-02,0.9253329012098408,0.9674117911612666,1.020038126291574,1.0452201134501524,1.0450398192490529
2025-06-03,0.9253329012098408,0.9674117911612666,1.020038126291574,1.0383297293427798,1.0367314272812584
2025-06-04,0.9253329012098408,0.9674117911612666,1.020038126291574,1.0409277279531206,1.039448038904316
2025-06-05,0.925342113128703,0.9674214219859296,1.0200482810244744,1.0469143854319958,1.0459114342190814
2025-06-06,0.925342113128703,0.9674214219859296,1.0200482810244744,1.0561391764286954,1.0527936413560024
2025-06-09,0.9167983909058072,0.9674214219859296,1.0200482810244744,1.0593396211564186,1.0591551317816754
2025-06-10,0.9182792714697307,0.9674214219859296,1.0200482810244744,1.059490261411976,1.0588381557605522
2025-06-11,0.9199880332965572,0.9674214219859296,1.0200482810244744,1.0612974848592756,1.058906069323927
2025-06-12,0.9271647286757444,0.9674214219859296,1.0200482810244744,1.0503031592053778,1.0507108435990706
2025-06-13,0.9469861398977162,0.9674214219859296,1.0200482810244744,1.0433375124226503,1.040862962381344
2025-06-16,0.9465304642831466,0.9674117911612667,1.020038126291574,1.053127060746631,1.0498053063913848
2025-06-17,0.9404929144847648,0.9674214219859297,1.0200482810244744,1.0489476267150555,1.0471452778897965
2025-06-18,0.9431130275407303,0.9674117911612669,1.020038126291574,1.0476297830148342,1.0444965107420534
2025-06-19,0.9431130275407303,0.9674214219859298,1.0200482810244744,1.046387316894816,1.043477738203369
2025-06-20,0.9367337427592307,0.967411791161267,1.020038126291574,1.0599043784836994,1.0555555747466834
2025-06-23,0.9412230885241512,0.967411791161267,1.020038126291574,1.0574945940141698,1.054016085496751
2025-06-24,0.926895904443995,0.967411791161267,1.020038126291574,1.0596407867626858,1.0557027323153392
2025-06-25,0.9238947443425554,0.96742142198593,1.0200482810244744,1.0670959281973393,1.0606718910597355
2025-06-26,0.9332468956903632,0.9674117911612671,1.020038126291574,1.0783162716869974,1.0735307681258917
2025-06-27,0.9155196047441863,0.9674214219859301,1.0200482810244744,1.0842275515856696,1.0790433044653478
2025-06-30,0.9123345000421842,0.963355861403434,1.0232891545686578,1.0787680775488222,1.075873820606357
2025-07-01,0.9152612863404403,0.9632383483543921,1.0231643306760314,1.0800105436688405,1.074662706907514
2025-07-02,0.911167649194975,0.9597612571114619,1.0194709190294227,1.0760194386829238,1.071980017522114
2025-07-03,0.910745126472529,0.9562056850001632,1.0156941439813338,1.074551069631993,1.072670483597769
2025-07-04,0.9143654909386668,0.9593186235704452,1.019000747911856,1.0772619048029421,1.075805907042982
2025-07-07,0.9158918778735922,0.9593089263651262,1.0189904474139506,1.0771113794522325,1.0730100514146437
2025-07-08,0.9150184298156369,0.9593089263651262,1.0189904474139506,1.0802741353898544,1.075375833866981
2025-07-09,0.9107214299154904,0.9593089263651262,1.0189904474139506,1.0787303887587207,1.0748890393933903
2025-07-10,0.9097203548445273,0.9593186235704453,1.0190007479118561,1.0736850317935969,1.0727044058354263
2025-07-11,0.8970338525618876,0.9593186235704453,1.0190007479118561,1.0659662986379295,1.0624717041212617
2025-07-14,0.882093760860656,0.9593089263651263,1.0189904474139508,1.0644602407968973,1.0607737959488281
2025-07-15,0.8993927765201112,0.9593089263651263,1.0189904474139508,1.0681501801765467,1.0640111242831336
2025-07-16,0.9075705115564848,0.9593186235704454,1.0190007479118564,1.0679619660357356,1.0650638190594752
2025-07-17,0.9182644681431692,0.9593089263651264,1.018990447413951,1.064912046658722,1.0601738352322994
2025-07-18,0.93068833829409,0.9593186235704455,1.0190007479118566,1.0596407867626858,1.0548877004667796
2025-07-21,0.9306789304960106,0.9593089263651265,1.0189904474139513,1.0627659688150541,1.0567214357659631
2025-07-22,0.9306883382940901,0.9593186235704456,1.0190007479118568,1.0620505712322155,1.0597550234101438
2025-07-23,0.9306789304960107,0.9593089263651267,1.0189904474139515,1.0675477340591644,1.0654260477601616
2025-07-24,0.9306883382940903,0.9593186235704457,1.019000747911857,1.0621635226976718,1.054491549528436
2025-07-25,0.9306883382940903,0.9593186235704457,1.019000747911857,1.0543695268666493,1.0487412811731374
2025-07-28,0.9323417933573571,0.9593089263651268,1.0189904474139517,1.0485710835285853,1.0444285971786784
2025-07-29,0.932440655779657,0.9593089263651268,1.0189904474139517,1.0545954297975617,1.0494996608121674
2025-07-30,0.9317351270956424,0.9593186235704458,1.0190007479118572,1.0547460700531193,1.0496128961431659
2025-07-31,0.9308407034246686,0.962834274403672,1.0227351180579523,1.0514703626500412,1.0490016049847313
2025-08-01,0.9168334813502845,0.9453744932758725,1.022724880367961,1.0442788129364013,1.041134685722904
2025-08-04,0.8995461039516109,0.9275489600893333,1.022724880367961,1.0499266160189078,1.0417119164675606
2025-08-05,0.9037800327488562,0.9319146910237739,1.0227351180579523,1.0472533547332121,1.0412251910820303
2025-08-06,0.9063128113367032,0.9345263149694214,1.022724880367961,1.0441281726808438,1.0396631100363465
2025-08-07,0.9082155125568583,0.9364882472487819,1.022724880367961,1.044052910005489,1.0370257424185698
2025-08-08,0.9050068158807992,0.9331796638954146,1.0227351180579523,1.0359577485681994,1.030245371082681
2025-08-11,0.9213001792368347,0.9499802393977252,1.022724880367961,1.044052910005489,1.0369238375294774
2025-08-12,0.9307560925559707,0.9597305151504967,1.0227351180579523,1.0412290084642357,1.0369125070875713
2025-08-13,0.9226094108779529,0.9513302273993413,1.022724880367961,1.0468014339665395,1.0392329677722851
2025-08-14,0.9434124978726725,0.9727809141666289,1.0227351180579523,1.0475922091295808,1.0416326724622798
2025-08-18,0.9438489084197118,0.9732309101671676,1.022724880367961,1.0582853691772112,1.0488657778579813
2025-08-19,0.944867236692623,0.9742809389832772,1.022724880367961,1.061636339255644,1.0538915888119071
2025-08-20,0.9415213485056825,0.9708308933494418,1.0227351180579523,1.0637448432140586,1.0572081611514934
2025-08-21,0.926537272285494,0.9553803630710263,1.0227351180579523,1.0657780844971183,1.057626972973649
2025-08-22,0.914462784694664,0.9429299968704647,1.0227351180579523,1.0570804769424464,1.0508014180462573
2025-08-25,0.9172999272736957,0.9474712785903248,1.022724880367961,1.0605820872764369,1.054604715771374
2025-08-26,0.9057300161738863,0.9321961083692385,1.022724880367961,1.0506795874869999,1.0450511496909587
2025-08-28,0.8964979802455977,0.9243520977830986,1.022724880367961,1.0426973775151667,1.0346939512919502
2025-08-29,0.895154265582421,0.9239392468319052,1.0227351180579523,1.0394216701120886,1.0310377420474288
2025-09-01,0.9083884907283726,0.9502346499753945,1.025868039619036,1.0474038800839218,1.0374671460364766
2025-09-02,0.9130077684785243,0.9540138557896864,1.025868039619036,1.0455212790564197,1.0370257424185698
2025-09-03,0.9193305472962792,0.9480068494551435,1.025868039619036,1.0502654704152765,1.0422326331788088
2025-09-04,0.9161754377407041,0.9442873130752378,1.0258783401169413,1.0516962655809536,1.0441003598037097
2025-09-05,0.9149698554098393,0.9594837765133964,1.025868039619036,1.052750517560161,1.0416666637879974
2025-09-08,0.9284609863224863,0.9754161832094371,1.025868039619036,1.0542188866110918,1.0430815872650254
2025-09-09,0.9347011766788343,0.9990064303575859,1.025868039619036,1.056289816684253,1.0484017133562626
2025-09-10,0.9329512731139884,1.0040586650405927,1.025868039619036,1.0611845333938192,1.0527823109140966
2025-09-11,0.9326180321334383,1.00684333981421,1.025868039619036,1.06378253200416,1.0558838121216523
2025-09-12,0.9407261416347168,1.0288025414873267,1.0258783401169413,1.0674724713838095,1.0584646657060202
2025-09-15,0.9380774488265821,1.0283079729978526,1.0253851773567462,1.0660039874280307,1.0508693316096323
2025-09-16,0.9461355983945071,1.0311517182300054,1.0282208397125747,1.072668468604491,1.0603776450104845
2025-09-17,0.9425914924019259,1.0472866496730837,1.0443099102768796,1.076772525055864,1.0689011081103097
2025-09-18,0.9453051706025178,1.0420319420105535,1.0390701382533356,1.0794834751316609,1.071900773516833
2025-09-19,0.9434154378947748,1.0327589950738256,1.0298235481373255,1.0764712445447486,1.0682445642723117
2025-09-22,0.944398925049519,1.03497426764507,1.0295145031786523,1.071162295858611,1.0611133637657029
2025-09-23,0.946889232575239,1.040217367734677,1.032232329867499,1.0706352273214312,1.058973982887302
2025-09-24,0.9401216012017992,1.034443117250612,1.025057268953372,1.065100375704381,1.0559969783645902
2025-09-25,0.9345331310372845,1.0292788572650846,1.018680395624185,1.0589253891798471,1.0488771082998871
2025-09-26,0.9267092182936937,1.0343731336824882,1.00077432737342,1.0495123840423364,1.039719762245876
2025-09-29,0.9380755790612032,1.0290625693325184,0.9956267053953938,1.0487594125742443,1.039187715092722
2025-09-30,0.9303260234379597,1.033751352337987,1.000596829393751,1.0449188329390373,1.0342298177021712
2025-10-01,0.9437686748545328,1.030559221469741,0.9975070766997853,1.0561768652187966,1.0444172667367726
2025-10-03,0.9477103932713062,1.0550004492042016,1.0211644242063025,1.0586242235735799,1.0461717580306753
2025-10-06,1.011685034724084,1.082327702280513,1.0476152363115114,1.0658157732872198,1.053382202542565
2025-10-07,0.9862730761919146,1.1011665175126844,1.0658498521581685,1.0670959281973393,1.05819294236446
2025-10-08,0.9692549449593757,1.078829517529917,1.044229245509987,1.063217774676879,1.0551706851621852
2025-10-09,0.9896694648841317,1.0814786733614765,1.0467934374886805,1.0695055977620214,1.0584533352641143
2025-10-10,0.9716878575974346,1.0843327809371923,1.0495560079893633,1.0750404493790715,1.0634338244504167
2025-10-13,0.9746312748168795,1.0876174198817508,1.0527353018361818,1.0717271680907399,1.061543506029764
2025-10-14,0.9584422209910975,1.0695516165289576,1.035248905794839,1.0681501801765467,1.0583061776954585
2025-10-15,0.9756502164489528,1.0887544844286419,1.053835898394399,1.0771113794522325,1.0640903682884144
2025-10-16,0.9715746226665498,1.0842064190128917,1.0494336987507586,1.0870138792416695,1.0740400853071734
2025-10-17,0.9638762884523382,1.0756156394926866,1.041118443123284,1.0925487308587196,1.0810467891289384
2025-10-20,0.9595409493277711,1.0460662939717804,1.0125168056289204,1.0989118166192167,1.0865706559103006
2025-10-21,0.9628305135030178,1.0515384231078408,1.017813432376921,1.0989495054093181,1.0905777634136025
2025-10-23,0.952189715569048,1.0118407791722246,0.9793889731812508,1.100907484017023,1.090849417667102
2025-10-24,0.9503094658441535,1.0118407791722246,0.9793889731812508,,1.0912229768096944
2025-10-27,0.9509995000814291,1.0118407791722246,0.9793889731812508,1.1045220458164695,1.094392391580625
2025-10-28,0.9480999090395138,1.0118306508831751,0.9793791697271735,1.1035807453027184,1.09109841103679
2025-10-29,0.9539075042375934,1.0118306508831751,0.9793791697271735,1.108852005198755,1.096690191381527
2025-10-30,0.9497809407690478,1.0118306508831751,0.9793791697271735,1.1016227666950138,1.090985244793852
2025-10-31,0.945834918879007,1.0118407791722244,0.9793889731812507,1.0959749636125073,1.0864348287835506
2025-11-03,0.9489438970218707,1.0151667198873684,0.9823838197127811,1.0969916417064611,1.0840917072150251
2025-11-04,0.9445245657216547,1.0104389819523696,0.9837688620490904,1.0903648493201024,1.0807638044335328
2025-11-06,0.9322687135438136,0.9973278451466532,0.974421607162258,1.085281803564877,1.079597943414253
2025-11-07,0.9378289553970799,1.0032761130070351,0.9760644035879417,1.086034889937817,1.0766435997753532
2025-11-10,0.9386002139763291,1.0032761130070351,0.9760644035879417,1.0899883061336322,1.080514811063845
2025-11-11,0.9432276183492908,1.0032660704482868,0.9760546334120268,1.0949960892135027,1.0838200529615254
2025-11-12,0.9532537592257296,1.0032660704482868,0.9760546334120268,1.1021499501370413,1.0902947787181967
2025-11-13,0.9509400570392488,1.0032660704482868,0.9760546334120268,1.100907484017023,1.0925359953976297
2025-11-14,0.9540250178049786,1.0032761130070351,0.9760644035879416,1.1025640672087647,1.0927849887673178
2025-11-17,0.9518918000952692,1.0032660704482868,0.9760546334120267,1.1068564527057967,1.0952413456668417
2025-11-18,0.9399393617579821,1.0032761130070351,0.9760644035879414,1.1030912506507924,1.0959091508586851
2025-11-19,0.9379126183296972,1.0032761130070351,0.9760644035879414,1.1083625105468287,1.098433421321584
2025-11-20,0.9413426201575799,1.0032761130070351,0.9760644035879414,1.1131443906957867,1.1053155593704447
2025-11-21,0.9284937405934962,1.0032761130070351,0.9760644035879414,1.1081742964060177,1.1024970428582948
2025-11-24,0.9251861881833155,1.0032660704482868,0.9760546334120266,1.1043337167708107,1.0972335689765869
2025-11-25,0.9239298582001041,1.0032761130070351,0.9760644035879413,1.1019993098814838,1.0997577703514254
2025-11-26,0.9352375809547022,1.0032660704482868,0.9760546334120265,1.1145374970713626,1.1053382202542565
2025-11-27,0.9346170497041031,1.0032660704482868,0.9760546334120265,1.1160812437024963,1.1092660146642173
2025-11-28,0.9357169153165296,1.0032660704482868,0.9760546334120265,1.116344720518662,1.108643462151937
2025-12-01,0.9374793220536349,1.0032761130070351,0.9760644035879412,1.1148763514677313,1.1073304435640015
2025-12-02,0.9327351442694035,1.0032660704482868,0.9760546334120264,1.1094544513161373,1.1024743819744829
2025-12-03,0.929651713490065,1.0032660704482868,0.9760546334120264,1.1062163177983129,1.1012292769499223
2025-12-04,0.9304230606066811,1.0032660704482868,0.9760546334120264,1.1083625105468287,1.1041949510307283
2025-12-05,0.9363808122063934,1.0032761130070351,0.9760644035879411,1.1145374970713626,1.1060400167718176
2025-12-08,0.9304130795304819,1.0032761130070351,0.9756991358362327,1.1048985890029397,1.1048854171063833
2025-12-09,0.9263773372255898,1.0032660704482868,0.9704941922928633,1.1007568437614654,1.0962034659959967
2025-12-10,0.9252279552347491,1.0032660704482868,0.9700376598540029,1.0977823019646546,1.092445420950443
2025-12-11,0.9320310576674516,1.0032660704482868,0.9784386091401955,1.1029406103952348,1.0956148357213737
2025-12-12,0.9442079788703374,1.0032761130070351,1.0009020533625108,1.1095674027815936,1.102112222361857
2025-12-15,0.9557510427043675,1.0032660704482868,1.0131382095400916,1.1090026454543125,1.1031875089339498
2025-12-16,0.9437772400675395,1.0032761130070351,1.0004454512559504,1.101924047206129,1.097154324971306
2025-12-17,0.9474813703184548,1.0032761130070351,1.0043719925021903,1.0983470592919355,1.0946187931545615
2025-12-18,0.9465337975295103,1.0032761130070351,1.0033675236019173,1.0988365539438618,1.0935321070525024
2025-12-19,0.946016963543364,1.0032761130070351,1.0028196568082048,1.1048966356205259,1.098557918006428
2025-12-22,0.9590441772499615,1.0165645713158165,1.0171560851411838,1.113332604836598,1.1038101305342904
2025-12-23,0.9690919582931927,1.0222596507396418,1.032770915771292,1.1132949160464964,1.1037988000923846
2025-12-24,0.9695632257924732,1.0222596507396418,1.0337753846715652,1.1126172072537592,1.1043647694831957
2025-12-26,0.9778745526161448,1.0298530296245978,1.0438200040065955,1.1087013649431974,1.1003350701841426
2025-12-29,0.9726152967356592,1.0279546396432504,1.0321317146227273,1.1037689594435296,1.0951167798939374
2025-12-30,0.9739540492208678,1.0497856718276615,1.0151471473406377,1.1044090943510134,1.0951847625453728
2025-12-31,0.9787917539154047,1.0659215340680306,1.0054677957573157,1.1119018096709206,1.0992031314025201
2026-01-01,0.9814275960316343,1.0702069543489543,1.0095101684330132,1.1119770723462754,1.100742551564392
2026-01-02,0.9915414756533653,1.0837389410167186,1.022274688495881,1.1203358255045788,1.1066173166045346
2026-01-05,0.9936843395553286,1.0872638542129183,1.0255996862450987,1.1160435549123948,1.10627774878766
2026-01-06,0.9955324110164151,1.0895444374124796,1.0277509261716933,1.1145750709566162,1.0995087078936772
2026-01-07,0.9924388732495423,1.0855926290925901,1.0240232446551276,1.113445556302054,1.0981164453004608
2026-01-08,0.9752738680613772,1.061966659152034,1.001737221566637,1.1029406103952348,1.0901136298238234
2026-01-09,0.9698496577669353,1.056807145151175,0.9968703293951052,1.0941300513751064,1.0819636567785302
2026-01-12,0.9698399497991695,1.056796566759341,0.9968603509567494,1.0989495054093181,1.0855519524596766
2026-01-13,0.9698496577669352,1.0568071451511747,0.9968703293951051,1.0961632926581661,1.0828918548700277
2026-01-14,0.9698496577669352,1.0568071451511747,0.9968703293951051,1.0943936430961203,1.0803676534951892
2026-01-15,0.9698496577669352,1.0568071451511747,0.9968703293951051,1.0943936430961203,
2026-01-16,0.9698496577669352,1.0568071451511747,0.9968703293951051,1.0958244382617977,1.0823824686006855
2026-01-19,0.9817812234400138,1.0530204305830861,0.9932983783384384,1.09051548957566,1.079031974023442
2026-01-20,0.9934268875552331,1.0366113876219067,0.977819974225804,1.077902039710426,1.0640451156088513
2026-01-21,1.0256502195281105,1.0288275408703875,0.9704775883318877,1.0728943715354033,1.062958429506792
2026-01-22,0.9978443838895282,1.054072277907376,0.9942905701432052,1.0791445058304443,1.065165723948568
2026-01-23,0.9977063736394851,1.0276704847384268,0.9693861546368293,1.0689785292248415,1.0558724816797462
2026-01-27,0.9977063736394851,1.0276704847384268,0.9693861546368293,1.0739109347245093,1.059041896450677
2026-01-28,0.9976963868325224,1.027660197997735,0.9693764513086213,1.0791445058304443,1.0668636321210014
2026-01-29,0.9976963868325224,1.027660197997735,0.9693764513086213,1.082006096161799,1.0684143827247792
2026-01-30,0.997706373639485,1.0276704847384268,0.9693861546368292,1.079596426597117,1.0678936660135312
2026-02-02,0.9438248756265175,0.9932101609882972,0.9368802480998899,1.0690914806902978,1.057830782751834
2026-02-03,0.9780683759687019,1.0199366223943502,0.9620909182847576,1.0965774097298897,1.0824617126059664
2026-02-04,0.9943881002940984,1.0275418616316303,0.9692648263893545,1.0981211563610231,1.0852123155547415
2026-02-05,0.9829915407109766,1.027240638637397,0.9689806872568169,1.0932264396514568,1.076337954196136
2026-02-06,0.9804559097143571,1.0240042961008369,0.9659278938826819,1.094355954306019,1.0793942027241283
2026-02-09,0.9804460955804952,1.0239940460578338,0.9659182251708534,1.1015475040196587,1.0868876319314238
2026-02-10,0.980455909714357,1.0240042961008367,0.9659278938826817,1.105312706074663,1.0892646757376065
2026-02-11,0.9804460955804951,1.0239940460578336,0.9659182251708532,1.1064046468439717,1.0871706166268293
2026-02-12,0.9804559097143569,1.0240042961008364,0.9659278938826816,1.10045556325035,1.0814995922768116
2026-02-13,0.9804559097143569,1.0240042961008364,0.9659278938826816,1.0876538992443052,1.068731289657842
2026-02-16,0.994412890555248,1.0385811967039786,0.979678065588547,1.0947701862825903,1.077798130352727
2026-02-17,1.015589088048058,1.0606979660485938,1.0005404823907802,1.097631661709097,1.077798130352727
2026-02-18,1.032818785333614,1.0786929455944525,1.0175148766969166,1.1001920864341843,1.0803676534951892
2026-02-19,1.0185729770771081,1.0638143888826666,1.0034801573081864,1.0858089870069045,1.0654147173182558
2026-02-20,1.0349363389896646,1.080904553500056,1.0196010532632536,1.0890094317346277,1.070734843409493
2026-02-23,1.0433814431752149,1.097894242779962,1.0356271723394617,1.0936029828379268,1.0753870952208264
2026-02-24,1.0434121896012944,1.1008096382403367,1.0383772211503872,1.083813434513946,1.0638413749187265
2026-02-25,1.0412600737104505,1.0970899798877076,1.034868523216014,1.0867502875206556,1.0661618356034404
2026-02-26,1.045501707061537,1.104529296592966,1.0418859190847602,1.0865619584749966,1.0632527446441036
2026-02-27,1.0368326456093562,1.0973916359963514,1.0351530708988788,1.0741745264455231,1.0529294684827524
2026-03-02,1.048239683129971,1.0874830665444253,1.0258064659495312,1.061523387790188,1.0382595170012245
2026-03-04,1.0122477450822485,1.048613330251215,0.9891412266957121,1.044052910005489,1.024359344688693
2026-03-05,1.017594862220545,1.0636540737835538,1.0033289344796947,1.0555744191014143,1.0352599206827613
2026-03-06,1.0062136894954539,1.0515203775528938,0.9918834008137505,1.0439022697499314,1.019854181357955
2026-03-09,1.005786231262334,1.0515098520803645,0.991873472293381,1.025716394382394,1.0034977212339597
2026-03-10,1.019892026838003,1.0515098520803645,0.991873472293381,1.0352423509853608,1.0123154994710963
2026-03-11,1.0258762790430378,1.0515203775528936,0.9918834008137504,1.0187130588095652,0.9970909090406632
2026-03-12,1.0220292364742807,1.0515098520803643,0.9918734722933809,1.0088482478102296,0.9850583942649724
2026-03-13,1.0006568139942174,1.0515203775528934,0.9918834008137503,0.9890809370214572,0.965226804702769
2026-03-16,1.000646797654038,1.051509852080364,0.9918734722933807,0.9984562533688665,0.9772819803622715
2026-03-17,1.0006568139942171,1.0515203775528932,0.9918834008137501,1.00591139480352,0.985409292523753
2026-03-18,1.0006568139942171,1.0515203775528932,0.9918834008137501,1.0144583621026346,0.9924159963455179
2026-03-19,1.0006568139942171,1.0515203775528932,0.9918834008137501,0.9869347442729413,0.9631667369177094
2026-03-20,1.0006467976540379,1.0515098520803638,0.9918734722933806,0.9867465301321302,0.9657701822978288
